Source,Phi,SP_percent,Tau0_Pa
Table6,0.4818065285727683,0.4228513684919461,0.9577611
Table6,0.4803860701512901,0.9971914501930242,0.2747671
Table6,0.4646686738966784,0.51459959691888,0.3536863
Table6,0.5038590178280256,0.5118146216599944,1.2590843
Table6,0.4791544005365939,0.5640054125097171,0.56860113
Table6,0.492413551947747,0.4620453730270338,1.0812922
Table6,0.5012530336559384,0.6418551457184243,0.6891535
Table6,0.4775250255236326,0.5483753328144617,0.5739162
Table6,0.4911100018649796,0.8709137613289,0.40658405
Table6,0.4912869093444132,0.4940386676715307,0.9281098
Table6,0.471051667517231,0.6617054935223056,0.37350306
Table6,0.4602068589177097,0.9520884299401634,0.21930473
Table6,0.4823046750742561,0.9822837360916152,0.26381862
Table6,0.4593700344142817,0.4862464351962386,0.4048516
Table6,0.4782730923163584,0.5554273049791447,0.60539705
Table6,0.5033878529876044,0.7447858039680911,0.52685785
Table6,0.4975329141846351,0.5859416239112412,0.6536056
Table6,0.5002104501228244,0.4412700911923987,1.527572
Table6,0.4847191557900001,0.9993141807269642,0.30129892
Table6,0.4601826406732988,0.8622794625155035,0.23032124
Table6,0.4699389160576959,0.9535819953073637,0.234837
Table6,0.4891013825078522,0.578272871980069,0.60871774
Table6,0.4608700758318284,0.6045749246969483,0.28290942
Table6,0.4854044872960888,0.7280588149271727,0.5486774
Table6,0.460372000655579,0.7063040843889494,0.2587176
Table6,0.4814933993902169,0.7066848890748076,0.507917
Table6,0.4866607597716148,0.7339255516211513,0.50429785
Table6,0.4868151796522452,0.5369461019115941,0.60530466
Table6,0.4710440851049515,0.8402073585497523,0.28407627
Table6,0.4925932979103699,0.4565247977020598,1.2712244
Table6,0.4601018735251647,0.5439332733249957,0.2916141
Table6,0.4862052605160255,0.4221599185047484,1.1481895
Table6,0.4598424154559764,0.906622420867181,0.21571697
Table6,0.4830148268627506,0.8958100316882683,0.36707807
Table6,0.4945822244911368,0.7397971300301458,0.5346759
Table6,0.4904005812613634,0.6984264913753898,0.5244512
Table6,0.4861361924358712,0.8224119399741487,0.42916587
Table6,0.4771851313853472,0.4941951737832397,0.75153893
Table6,0.4704008532754642,0.4125829239850235,0.7116971
Table6,0.4993494318367102,0.4163844601430529,1.5656308
Table6,0.4899634164459068,0.5132049589181762,0.8345494
Table6,0.5033282557070704,0.838190932283051,0.5394566
Table6,0.4935572703025276,0.949044135820994,0.32842603
Table6,0.5025487105074106,0.7918295668493283,0.52971876
Table6,0.4784421834302799,0.6912009441305733,0.49106455
Table6,0.4949565811379333,0.9465570804415628,0.35145828
Table6,0.4782758939988316,0.4251002184277647,0.9741172
Table6,0.4801112059299751,0.9424798800079064,0.32890445
Table6,0.4947435247204091,0.747859206884103,0.5052355
Table6,0.4684741221275443,0.6439378925100284,0.40666074
Table6,0.4760218863656207,0.5122460086842143,0.58611727
Table6,0.4784641779082478,0.5280981406422979,0.5785701
Table6,0.4980061797363739,0.5064935305156235,1.0034381
Table6,0.4961186290077113,0.5959869987464993,0.59399533
Table6,0.4993260608820894,0.7188829397944817,0.57117194
Table6,0.4648067756554782,0.7641449926181232,0.263882
Table6,0.4914233966972817,0.8865547156808744,0.3689571
Table6,0.5020624349346203,0.5003811612411226,1.3631208
Table6,0.4626982404549926,0.771470732087078,0.25281835
Table6,0.4978525244620024,0.946381147710118,0.3539654
Table6,0.4705259052797876,0.5883396998808248,0.45676425
Table6,0.4663972991655735,0.6730315437970464,0.3376703
Table6,0.4929040919259757,0.7654363103177333,0.47548154
Table6,0.4636765684029059,0.58516768585514,0.3575432
Table6,0.4679689307544021,0.7521081903675888,0.31191626
Table6,0.5039708965451816,0.6011243506872591,0.75679773
Table6,0.4824523109030112,0.4832520882318979,0.67371035
Table6,0.4909335253679958,0.5049253187670872,0.78725916
Table6,0.4816167795164415,0.50619065957247,0.68584543
Table6,0.4656518636195922,0.6285118148206581,0.27274275
Table6,0.4687899327555689,0.8953341560084158,0.26677552
Table6,0.4749268426989406,0.8623865847398573,0.29885304
Table6,0.4994225236918124,0.7366728026075997,0.5296243
Table6,0.4818043580493513,0.6437415779721513,0.5463188
Table6,0.4807382281724256,0.5973059242612558,0.5653763
Table6,0.4892679250760198,0.5835748154248479,0.63906664
Table6,0.4885644139065975,0.8962374406711712,0.4321952
Table6,0.4623932354805178,0.8623623897682695,0.23986726
Table6,0.4771242161524402,0.6859395274376768,0.4184946
Table6,0.4858750151770518,0.4445762163717826,0.955101
Table6,0.4959344069536985,0.6359600528426976,0.57557946
Table6,0.4915102492294514,0.9578731001632096,0.3774169
Table6,0.5023793851022166,0.7764176061311063,0.5392869
Table6,0.4644880894460013,0.7432279390451662,0.26446724
Table6,0.5000353975050386,0.5630570975438188,0.7906268
Table6,0.4821290812650031,0.8292438557940833,0.396248
Table6,0.499667766157455,0.4594036091474323,1.3429209
Table6,0.4873601935355894,0.5419477633551575,0.7434227
Table6,0.4842965705827199,0.9835464965662694,0.30605274
Table6,0.4609587890483946,0.9782964236464698,0.2145904
Table6,0.4596144033175596,0.7621037474513632,0.2582273
Table6,0.5003476525209992,0.865921851834853,0.45286885
Table6,0.4997601535432306,0.4327568358925842,1.4448104
Table6,0.4823069283051615,0.4283808684035148,0.8853718
Table6,0.4725039847401598,0.8799915052005193,0.31948546
Table6,0.4658875906970185,0.8011313608305943,0.2368685
Table6,0.4786358685978021,0.5634399077654734,0.54333127
Table6,0.4584768883494391,0.6701752225467892,0.28505036
Table6,0.4897238141264716,0.6423412269984756,0.57108545
Table6,0.4840585585322373,0.9172967710483092,0.3235827
Table6,0.4880018651452451,0.4068780499070528,1.3316563
Table6,0.4594220584993035,0.9295739428258484,0.2181782
Table6,0.4786661331791889,0.5791145925068799,0.57454115
Table6,0.4611303747918561,0.4657990897162942,0.48639676
Table6,0.5013195291876362,0.7684143571973312,0.5092167
Table6,0.4677768154572309,0.4289600499130935,0.620854
Table6,0.4743786226288972,0.9128955943962962,0.24795371
Table6,0.4769476908041891,0.6333283184975809,0.49848467
Table6,0.5031892568311197,0.4063110334814824,1.6717775
Table6,0.461397792875733,0.6260068535669852,0.34039283
Table6,0.4898657908264094,0.4251097782990869,1.2944121
Table6,0.4927784016821258,0.6995890158894558,0.5422227
Table6,0.4913871950653572,0.7553573265185816,0.47975433
Table6,0.4737190893225863,0.4415994392801861,0.67700624
Table6,0.502196548886224,0.9399300788203508,0.373426
Table6,0.4811448513527054,0.5348033401786803,0.6006668
Table6,0.4754138327823229,0.7835087810881891,0.37259865
Table6,0.4838337447964143,0.6874209683853851,0.517118
Table6,0.4709791405891852,0.6107130276456916,0.44764587
Table6,0.4636575830505248,0.7462891965844495,0.2583415
Table6,0.461979880777888,0.8258685793739792,0.28374633
Table6,0.4760665127661785,0.4952782459075814,0.6196369
Table6,0.4889369091321121,0.5426581416690521,0.644573
Table6,0.4930071330266319,0.5899984888562981,0.64106554
Table6,0.4976294344357291,0.8880647355242025,0.4342611
Table6,0.4958876572619627,0.987070930277696,0.35529757
Table6,0.4583118604395773,0.516915797809668,0.30614206
Table6,0.5025632112055866,0.9182058764030306,0.41878054
Table6,0.5005096549021516,0.6988409075352171,0.5734876
Table6,0.462582704389227,0.7181349679114752,0.29779273
Table6,0.4893965572932974,0.4317208736459831,1.1877272
Table6,0.4789064280704836,0.888905275202858,0.30683342
Table6,0.4957380840556527,0.980622171002807,0.3513245
Table6,0.4923918004439306,0.9179708605778364,0.33531028
Table6,0.4672667573564237,0.7600083788159739,0.2796105
Table6,0.4667628248345332,0.864822215511061,0.2669595
Table6,0.499839838993062,0.8678659500680639,0.4438696
Table6,0.462764976825702,0.4269064262456084,0.39119926
Table6,0.4754319100944344,0.8697925240249025,0.3066708
Table6,0.4976927033658264,0.544056050261768,0.73381424
Table6,0.4914153412245376,0.6925376533872198,0.49493164
Table6,0.4662696619342455,0.9848030324472368,0.23344004
Table6,0.4930890923820976,0.5275457784556483,0.6918485
Table6,0.4809380914838491,0.7032827537642161,0.5006816
Table6,0.4954085865702167,0.5090724684142777,0.83813316
Table6,0.4690866608914894,0.4679880675866104,0.5951914
Table6,0.4803307682288459,0.6187255393358271,0.5490115
Table6,0.4694091736810105,0.6749230945540472,0.36120075
Table6,0.5030922540973534,0.524932572798434,1.0963488
Table6,0.4930458773415258,0.5197970375934702,0.83507454
Table6,0.4767313442356304,0.68776461499016,0.4306239
Table6,0.501599742292821,0.599230885235888,0.67994654
Table6,0.4945809051829573,0.5501300547104873,0.7774805
Table6,0.460594210490311,0.9612444319065784,0.21321721
Table6,0.4993652811569352,0.5253937029697937,0.91338015
Table6,0.491299591438348,0.5100475898621029,0.8855802
Table6,0.4678523006895501,0.823241023528738,0.26200423
Table6,0.4877089133891087,0.8282414831757985,0.4460186
Table6,0.4956475314822514,0.7341604561126778,0.5372788
Table6,0.4662155082154446,0.6660110891818491,0.35841903
Table6,0.4590317525857239,0.7848745711972316,0.23312959
Table6,0.4991766003624921,0.5265107392275974,0.8283719
Table6,0.5009429037179135,0.5052801242222035,0.9546591
Table6,0.4948336497121572,0.7709917672262621,0.55300194
Table6,0.4620085341686388,0.6216606000167719,0.36005113
Table6,0.4784670941585572,0.4017804754513189,1.073361
Table6,0.4798838982389518,0.7090604461232848,0.4831618
Table6,0.5009226324257892,0.987564375608621,0.395422
Table6,0.5030641243033371,0.9897919444218468,0.31202078
Table6,0.4714106717189658,0.71650444708169,0.37036628
Table6,0.4964266734203236,0.9197218759626238,0.38583466
Table6,0.4703162700642225,0.5958590332566385,0.44761464
Table6,0.5008336422735427,0.6845982041195837,0.5831329
Table6,0.481543122514827,0.5051954637652223,0.6137458
Table6,0.4717374757706301,0.5309774775404615,0.4344325
Table6,0.4964854610167373,0.635878874127874,0.56883776
Table6,0.4586951768491872,0.9014561762660482,0.23447724
Table6,0.4686634230937961,0.6406881726396317,0.36290202
Table6,0.4923982802357426,0.8118289722607842,0.4943676
Table6,0.465760824829437,0.4411866424782598,0.4731332
Table6,0.4933534551440109,0.7624830233392945,0.5154931
Table6,0.467947279547536,0.4349052459800832,0.5298302
Table6,0.4965063868806842,0.79750531661717,0.5139421
Table6,0.4685572360146836,0.5105392406010878,0.5339776
Table6,0.489874963953162,0.694012296201242,0.57785976
Table6,0.4950226092612975,0.5331598790870096,0.73416746
Table6,0.4704089069736186,0.9485803851950478,0.22465426
Table6,0.496836770363242,0.9169955788594042,0.37928432
Table6,0.5006718306526755,0.4848772125672312,1.1658998
Table6,0.474356933954648,0.7776197090631858,0.36385527
Table6,0.4978109829074555,0.8072105462798829,0.49950498
Table6,0.4885505405942016,0.9591827572977492,0.3427808
Table6,0.4818420152893981,0.5492264608850123,0.61136395
Table6,0.5000455616316847,0.4561298305978107,1.3844707
Table6,0.4759318577466754,0.8480891865694,0.3326901
Table6,0.4821917597946759,0.4218049534168631,0.9712866
Table6,0.4689121480395343,0.7722167559614863,0.29205889
Table6,0.5003043117646305,0.7658065585297754,0.46186066
Table6,0.4649030820534397,0.7807647297141518,0.29995257
Table6,0.4861691765387539,0.9820619904484476,0.34013554
Table6,0.4777572505747875,0.7980137042027944,0.3937446
Table6,0.4683540130863944,0.4571888829494931,0.5585976
Table6,0.4963848199511552,0.9162985950652336,0.45884988
Table6,0.4724253003778134,0.5976016379548419,0.43552732
Table6,0.5001825822873379,0.777264539345181,0.44348714
Table6,0.4950781626278993,0.619811785630633,0.5567468
Table6,0.4612841029416544,0.591609463506097,0.41777274
Table6,0.4671715846889839,0.746535935610406,0.30735305
Table6,0.4848712316549314,0.7013964380197318,0.51806074
Table6,0.4714288407658554,0.8239588387242878,0.28690484
Table6,0.4948942698934415,0.8591410416379163,0.49387112
Table6,0.469115373414401,0.554242188475526,0.50863355
Table6,0.4710120124830783,0.5423700453600572,0.48298746
Table6,0.4890208711394848,0.6026630591431141,0.5723499
Table6,0.4965467964027008,0.8942464110400037,0.47898364
Table6,0.4999358001116648,0.4505747686063384,1.395434
Table6,0.4997839415597559,0.6210822387124053,0.6408688
Table6,0.4616774447486822,0.4416457412081985,0.28111544
Table6,0.4671420477083065,0.4004152899866244,0.62516534
Table6,0.4805597766535111,0.4617293794237989,0.84841233
Table6,0.500822050480011,0.6047399850678987,0.6704451
Table6,0.4692899231211725,0.5639706252510511,0.42447773
Table6,0.4864268312495189,0.8153780456652324,0.43125987
Table6,0.4999530275506318,0.9313281977211006,0.35151473
Table6,0.4781299625156892,0.4279697566388649,0.9795432
Table6,0.4648262528725679,0.4928650280001377,0.44555694
Table6,0.4625223814639673,0.6036368515382114,0.27206853
Table6,0.4903435185346323,0.6298516776550277,0.544791
Table6,0.5038440098393903,0.5461328531814507,1.0118568
Table6,0.4621260163514252,0.9477008391645662,0.23646213
Table6,0.4700216920363758,0.7146419743452934,0.33760664
Table6,0.4728064381425069,0.699494667671634,0.4017031
Table6,0.475596524043996,0.8968365564235667,0.29627275
Table6,0.4760784140090443,0.7083321009881569,0.46539992
Table6,0.4945205076400439,0.6395149406571937,0.56735533
Table6,0.4968506570800938,0.6706205066564015,0.5727881
Table6,0.4886632877307033,0.8484840076524465,0.38559553
Table6,0.5024425404465266,0.6093231368825707,0.7189117
Table6,0.4585690895152026,0.8352929122850414,0.23206162
Table6,0.5039631912565279,0.8415670880336037,0.45937487
Table6,0.4971405083367768,0.975370029935784,0.3677922
Table6,0.4644122525425964,0.9272171172302534,0.22423522
Table6,0.4744936613560771,0.8479131916947353,0.29331747
Table6,0.4718180639228643,0.43990455007934,0.66274875
Table6,0.4923789713950431,0.7793144115504098,0.45975754
Table6,0.4700476643976436,0.5201011139739182,0.48776808
Table6,0.4643671007829593,0.4664524948458602,0.46854976
Table6,0.4972409458965752,0.6314854357255633,0.58219296
Table6,0.4754610547045293,0.6856898243423442,0.45304522
Table6,0.4604263041700607,0.9596045592035952,0.2124226
Table6,0.4887509724232518,0.7687292608172707,0.55997944
Table6,0.4803383801872424,0.9659519558228598,0.29948387
Table6,0.5004807559113754,0.6579517700667914,0.57746214
Table6,0.4654315690663761,0.7491714718440023,0.28246677
Table6,0.4838606164947466,0.7481718572956244,0.500965
Table6,0.4865906358965754,0.6319373516184129,0.5583683
Table6,0.4638084282910163,0.8341510205684083,0.24394518
Table6,0.4844898811418497,0.768239708887233,0.48376796
Table6,0.4625550241243936,0.846726916708107,0.24052297
Table6,0.4587484899286219,0.5290805973995062,0.34977728
Table6,0.4917224187764156,0.6808272468837979,0.56054837
Table6,0.475747990279358,0.8217792410743752,0.32507822
Table6,0.47834431377596,0.793808647007775,0.42108777
Table6,0.4936460247271616,0.7469813758238709,0.51209927
Table6,0.4824321701952091,0.9895034206851864,0.34342337
Table6,0.4787738665675889,0.4483778387658892,0.8898763
Table6,0.482606689286419,0.9686842722455526,0.36526665
Table6,0.4613646274692815,0.9410634523298156,0.21512054
Table6,0.4851671678758996,0.5332095480728187,0.61553574
Table6,0.4884490526719309,0.8994738253609071,0.32933304
Table6,0.4905342235143284,0.4194168679874996,1.1730105
Table6,0.4677824258959356,0.9183968899115657,0.24195272
Table6,0.4931599985101124,0.4284790228631626,1.3958565
Table6,0.4933350308109636,0.9747615324555928,0.33522776
Table6,0.4626839181832214,0.8605083782043806,0.2235225
Table6,0.4945124767781493,0.5088985076631091,0.90913993
Table6,0.4828197037384819,0.9555580830456276,0.30176535
Table6,0.4671794184311756,0.4323198961844152,0.4435715
Table6,0.4990032680099503,0.6258707441112794,0.6463622
Table6,0.4989033217571584,0.6626295588091062,0.5705543
Table6,0.4924165970149536,0.9548921840580876,0.318163
Table6,0.4670751966969271,0.9732888691717814,0.22356384
Table6,0.4951440071836932,0.8665381391996863,0.41532594
Table6,0.5016492216748601,0.8509310173947476,0.41285145
Table6,0.4729488683089913,0.4016075831294777,0.9057627
Table6,0.4913217377803252,0.6076605226808206,0.5721504
Table6,0.4930997959178064,0.9088704224905556,0.3336543
Table6,0.4656351827524109,0.4079517360995845,0.4861565
Table6,0.4799809866322038,0.4033319687905861,0.9626177
Table6,0.4936137588158653,0.4460764595997715,1.417645
Table6,0.4838247092825857,0.983264958025843,0.28465107
Table6,0.4599640729523609,0.7705587001305074,0.26577199
Table6,0.4678338121656422,0.6653338324792849,0.3475271
Table6,0.485340662447251,0.6773067810691784,0.55199057
Table6,0.461928045964837,0.9028490750346116,0.23441485
Table6,0.4964025970327002,0.6642697087557712,0.60290015
Table6,0.4747949394535098,0.9656125581913988,0.26085046
Table6,0.4895931254283882,0.6066627579840512,0.62348735
Table6,0.4924851441057205,0.7024200515105723,0.52673864
Table6,0.5033224561766686,0.5531254223525871,0.8146036
Table6,0.4954717398398987,0.8929353345411777,0.3985093
Table6,0.490266252159467,0.4441733826952639,1.1283817
Table6,0.4728827652083966,0.5199383781361107,0.5172822
Table6,0.4712943600490646,0.5324179332092602,0.5227286
Table6,0.4776870290970838,0.8970798472956044,0.28017974
Table6,0.4835646904297255,0.7321509625293774,0.5248446
Table6,0.481148984835209,0.8911647830956217,0.2940997
Table6,0.4912257840860936,0.9001849412690659,0.43588516
Table6,0.4906940912602023,0.4404123154702914,1.2031513
Table6,0.4615839832799918,0.5426884766300356,0.35837647
Table6,0.4984907608292955,0.9935124959116496,0.33046526
Table6,0.4865353238908079,0.4354304868455138,1.0254962
Table6,0.5033801196703733,0.9800786230950662,0.34950846
Table6,0.4816764705592093,0.6905121793914513,0.50376266
Table6,0.4954542522550588,0.805779883056575,0.5080322
Table6,0.4831035099503892,0.7312384089816111,0.5345919
Table6,0.4847689363306363,0.8049451393973434,0.44271713
Table6,0.4999336153006243,0.5492170901665865,0.7764108
Table6,0.4941994604813755,0.5854042685444641,0.6207834
Table6,0.5015619764714929,0.7124475680590945,0.55136347
Table6,0.4961050077648362,0.6881729993259487,0.5314263
Table6,0.4929178783905259,0.9298053778117212,0.36016473
Table6,0.4986678662999011,0.7991694044296054,0.5178681
Table6,0.475299296445928,0.6060818711927085,0.4982843
Table6,0.469692824713924,0.9922854708269884,0.24525234
Table6,0.48203075080955,0.4996574411231236,0.8474582
Table6,0.492303674659629,0.9108762413372654,0.36798188
Table6,0.4711991473228266,0.9981800287344867,0.22039135
Table6,0.5029598624658096,0.5810893397556174,0.75266284
Table6,0.4756756700268574,0.6293296666347002,0.47480223
Table6,0.4664440400881669,0.6157294135759958,0.38574043
Table6,0.4709612802278808,0.9328949422956871,0.25839964
Table6,0.4984686124190093,0.5849337619102664,0.7392841
Table6,0.4801272976526416,0.8968830719413682,0.3409182
Table6,0.49132921818396,0.4827657679590552,0.96556264
Table6,0.4749377401015903,0.9079282496590882,0.26689
Table6,0.4776316649283696,0.7972679018465971,0.3464616
Table6,0.472264466345824,0.4863523550341741,0.5988853
Table6,0.4960145059298955,0.6419835994362806,0.58572197
Table6,0.4894296819514787,0.9527066488053414,0.3322047
Table6,0.4982842333035757,0.6458693439973942,0.6007037
Table6,0.4930938091481418,0.8945978294420008,0.42569175
Table6,0.4892109298483401,0.6713214069143617,0.55762076
Table6,0.4721897595746875,0.7472567356414712,0.34834176
Table6,0.4639699558519188,0.5370373597756597,0.404758
Table6,0.4887156003717505,0.6875030382548784,0.5091497
Table6,0.4907740836533167,0.9509533840099312,0.2958281
Table6,0.4626041755308906,0.5940092747860735,0.33738428
Table6,0.4978091461321279,0.8467073306224062,0.38217032
Table6,0.4596836694679375,0.7216961894512324,0.26967922
Table6,0.4837743674437839,0.7556379611411503,0.4395261
Table6,0.5001310423889189,0.9872699353035976,0.32636082
Table6,0.5016706511784259,0.8723308413507314,0.48156482
Table6,0.493108960146578,0.8747461728501789,0.36774087
Table6,0.4926432131638638,0.7800028085626034,0.42683715
Table6,0.4964758591293264,0.9984251011510832,0.30374783
Table6,0.4907658691712397,0.5175588409085807,0.76460147
Table6,0.4776190691730606,0.5624764821478101,0.5603031
Table6,0.4934516465169636,0.4525269306339111,1.0732011
Table6,0.4823663985509256,0.8748293781414979,0.3584297
